-- phpMyAdmin SQL Dump
-- version 3.5.2.2
-- http://www.phpmyadmin.net
--
-- Host: 127.0.0.1
-- Generation Time: Jul 01, 2013 at 05:09 PM
-- Server version: 5.5.27
-- PHP Version: 5.4.7

SET SQL_MODE="NO_AUTO_VALUE_ON_ZERO";
SET time_zone = "+00:00";


/*!40101 SET @OLD_CHARACTER_SET_CLIENT=@@CHARACTER_SET_CLIENT */;
/*!40101 SET @OLD_CHARACTER_SET_RESULTS=@@CHARACTER_SET_RESULTS */;
/*!40101 SET @OLD_COLLATION_CONNECTION=@@COLLATION_CONNECTION */;
/*!40101 SET NAMES utf8 */;

--
-- Database: `bla`
--

-- --------------------------------------------------------

--
-- Table structure for table `bla_customer`
--

CREATE TABLE IF NOT EXISTS `bla_customer` (
  `Customer_ID` int(5) NOT NULL AUTO_INCREMENT,
  `F_Name` varchar(100) NOT NULL,
  `L_Name` varchar(100) NOT NULL,
  `N_Name` varchar(50) NOT NULL,
  `BirthDay` date NOT NULL,
  `Old` int(2) NOT NULL,
  `Sex` varchar(20) NOT NULL,
  `Status` varchar(20) NOT NULL,
  `Address` varchar(255) NOT NULL,
  `Country` varchar(255) NOT NULL,
  `Postcode` int(5) NOT NULL,
  `Email` varchar(255) NOT NULL,
  `Tel` int(10) NOT NULL,
  `Mobile` int(10) NOT NULL,
  `Income_money` float NOT NULL,
  `Income_other` float NOT NULL,
  `Income_total` float NOT NULL,
  `Invite` int(11) NOT NULL,
  PRIMARY KEY (`Customer_ID`)
) ENGINE=MyISAM  DEFAULT CHARSET=utf8 COMMENT='ข้อมูลลูกค้า' AUTO_INCREMENT=10 ;

--
-- Dumping data for table `bla_customer`
--

INSERT INTO `bla_customer` (`Customer_ID`, `F_Name`, `L_Name`, `N_Name`, `BirthDay`, `Old`, `Sex`, `Status`, `Address`, `Country`, `Postcode`, `Email`, `Tel`, `Mobile`, `Income_money`, `Income_other`, `Income_total`, `Invite`) VALUES
(3, 'dsad', 'dsada', 'dsad', '0000-00-00', 18, 'female', 'singel', 'dsad', '', 84110, 'dd', 0, 0, 0, 0, 0, 2),
(4, 'fdfd', 'dfdf', 'fdf', '2013-06-19', 0, '0', 'singel', 'fff', '', 0, 'f', 0, 0, 0, 0, 0, 2),
(5, 'fdfd', 'dfdf', 'fdf', '2013-06-04', 0, 'male', 'singel', 'fff', 'AS', 0, 'f', 0, 0, 0, 0, 0, 2),
(6, 'อติชาติ', 'แซ่แต้', 'แบงค์', '1989-11-04', 24, 'male', 'singel', '159', '', 10900, 'bank_84@hotmail.com', 868853864, 868853864, 26700, 5000, 31700, 1),
(7, 'อติชาติ', 'แซ่แต้', 'แบงค์', '1989-11-04', 24, 'male', 'singel', '159', 'กรุงเทพมหานคร', 10900, 'bank_84@hotmail.com', 868853864, 868853864, 26700, 5000, 31700, 1),
(9, 'sdad', 'd', 'sdad', '2005-06-20', 8, '0', 'other', 'sdad', '', 10900, 'ddddd', 2147483647, 2147483647, 5000, 5000, 10000, 1);

-- --------------------------------------------------------

--
-- Table structure for table `bla_insurance`
--

CREATE TABLE IF NOT EXISTS `bla_insurance` (
  `InsuranceID` int(11) NOT NULL,
  `NameInsurance` varchar(255) CHARACTER SET utf8 NOT NULL,
  `CatagoryInsurance` varchar(255) CHARACTER SET utf8 NOT NULL,
  `YearPaid` varchar(255) CHARACTER SET utf8 NOT NULL,
  `YearForContract` int(11) NOT NULL,
  `YearForDividend` int(11) NOT NULL,
  `AmountDividend` int(11) NOT NULL,
  PRIMARY KEY (`InsuranceID`)
) ENGINE=MyISAM DEFAULT CHARSET=utf8 COLLATE=utf8_bin COMMENT='ข้อมูลแบบประกัน';

--
-- Dumping data for table `bla_insurance`
--

INSERT INTO `bla_insurance` (`InsuranceID`, `NameInsurance`, `CatagoryInsurance`, `YearPaid`, `YearForContract`, `YearForDividend`, `AmountDividend`) VALUES
(10000, 'ดั่งใจ 25/20', 'ออมทรัพย์', '20', 25, 0, 0),
(10001, 'ดั่งใจ 25/20 ตลอดชีพ', 'ออมทรัพย์', '21', 99, 0, 0),
(10002, 'ห่วงรัก ชำระเบี้ย 20 ปี', 'คุ้มครอง', '20', 90, 0, 0),
(10003, 'ห่วงรัก ชำระเบี้ย 21 ปี', 'คุ้มครอง', '21', 90, 0, 0);

-- --------------------------------------------------------

--
-- Table structure for table `bla_rate`
--

CREATE TABLE IF NOT EXISTS `bla_rate` (
  `ID` int(10) NOT NULL AUTO_INCREMENT,
  `CatagoryInsurance` varchar(255) NOT NULL,
  `Type` varchar(255) NOT NULL,
  `Sex` varchar(10) NOT NULL,
  `Age` int(3) NOT NULL,
  `Rate` float NOT NULL,
  `InsuranceID` int(11) NOT NULL,
  PRIMARY KEY (`ID`)
) ENGINE=MyISAM  DEFAULT CHARSET=utf8 AUTO_INCREMENT=408 ;

--
-- Dumping data for table `bla_rate`
--

INSERT INTO `bla_rate` (`ID`, `CatagoryInsurance`, `Type`, `Sex`, `Age`, `Rate`, `InsuranceID`) VALUES
(1, 'ออมทรัพย์', 'ดั่งใจ 25/20', 'female', 0, 3800, 10000),
(2, 'ออมทรัพย์', 'ดั่งใจ 25/20', 'female', 1, 3800, 10000),
(3, 'ออมทรัพย์', 'ดั่งใจ 25/20', 'female', 2, 3800, 10000),
(4, 'ออมทรัพย์', 'ดั่งใจ 25/20', 'female', 3, 3800, 10000),
(5, 'ออมทรัพย์', 'ดั่งใจ 25/20', 'female', 4, 3800, 10000),
(6, 'ออมทรัพย์', 'ดั่งใจ 25/20', 'female', 5, 3800, 10000),
(7, 'ออมทรัพย์', 'ดั่งใจ 25/20', 'female', 6, 3800, 10000),
(8, 'ออมทรัพย์', 'ดั่งใจ 25/20', 'female', 7, 3800, 10000),
(9, 'ออมทรัพย์', 'ดั่งใจ 25/20', 'female', 8, 3800, 10000),
(10, 'ออมทรัพย์', 'ดั่งใจ 25/20', 'female', 9, 3800, 10000),
(11, 'ออมทรัพย์', 'ดั่งใจ 25/20', 'female', 10, 3800, 10000),
(12, 'ออมทรัพย์', 'ดั่งใจ 25/20', 'female', 11, 3800, 10000),
(13, 'ออมทรัพย์', 'ดั่งใจ 25/20', 'female', 12, 3800, 10000),
(14, 'ออมทรัพย์', 'ดั่งใจ 25/20', 'female', 13, 3900, 10000),
(15, 'ออมทรัพย์', 'ดั่งใจ 25/20', 'female', 14, 3900, 10000),
(16, 'ออมทรัพย์', 'ดั่งใจ 25/20', 'female', 15, 3900, 10000),
(17, 'ออมทรัพย์', 'ดั่งใจ 25/20', 'female', 16, 3900, 10000),
(18, 'ออมทรัพย์', 'ดั่งใจ 25/20', 'female', 17, 3900, 10000),
(19, 'ออมทรัพย์', 'ดั่งใจ 25/20', 'female', 18, 3900, 10000),
(20, 'ออมทรัพย์', 'ดั่งใจ 25/20', 'female', 19, 3900, 10000),
(21, 'ออมทรัพย์', 'ดั่งใจ 25/20', 'female', 20, 3900, 10000),
(22, 'ออมทรัพย์', 'ดั่งใจ 25/20', 'female', 21, 3900, 10000),
(23, 'ออมทรัพย์', 'ดั่งใจ 25/20', 'female', 22, 3900, 10000),
(24, 'ออมทรัพย์', 'ดั่งใจ 25/20', 'female', 23, 3900, 10000),
(25, 'ออมทรัพย์', 'ดั่งใจ 25/20', 'female', 24, 3900, 10000),
(26, 'ออมทรัพย์', 'ดั่งใจ 25/20', 'female', 25, 3900, 10000),
(27, 'ออมทรัพย์', 'ดั่งใจ 25/20', 'female', 26, 3900, 10000),
(28, 'ออมทรัพย์', 'ดั่งใจ 25/20', 'female', 27, 3900, 10000),
(29, 'ออมทรัพย์', 'ดั่งใจ 25/20', 'female', 28, 3900, 10000),
(30, 'ออมทรัพย์', 'ดั่งใจ 25/20', 'female', 29, 3900, 10000),
(31, 'ออมทรัพย์', 'ดั่งใจ 25/20', 'female', 30, 3900, 10000),
(32, 'ออมทรัพย์', 'ดั่งใจ 25/20', 'female', 31, 3900, 10000),
(33, 'ออมทรัพย์', 'ดั่งใจ 25/20', 'female', 32, 3900, 10000),
(34, 'ออมทรัพย์', 'ดั่งใจ 25/20', 'female', 33, 3900, 10000),
(35, 'ออมทรัพย์', 'ดั่งใจ 25/20', 'female', 34, 3900, 10000),
(36, 'ออมทรัพย์', 'ดั่งใจ 25/20', 'female', 35, 3900, 10000),
(37, 'ออมทรัพย์', 'ดั่งใจ 25/20', 'female', 36, 4000, 10000),
(38, 'ออมทรัพย์', 'ดั่งใจ 25/20', 'female', 37, 4000, 10000),
(39, 'ออมทรัพย์', 'ดั่งใจ 25/20', 'female', 38, 4000, 10000),
(40, 'ออมทรัพย์', 'ดั่งใจ 25/20', 'female', 39, 4000, 10000),
(41, 'ออมทรัพย์', 'ดั่งใจ 25/20', 'female', 40, 4000, 10000),
(42, 'ออมทรัพย์', 'ดั่งใจ 25/20', 'female', 41, 4000, 10000),
(43, 'ออมทรัพย์', 'ดั่งใจ 25/20', 'female', 42, 4000, 10000),
(44, 'ออมทรัพย์', 'ดั่งใจ 25/20', 'female', 43, 4000, 10000),
(45, 'ออมทรัพย์', 'ดั่งใจ 25/20', 'female', 44, 4000, 10000),
(46, 'ออมทรัพย์', 'ดั่งใจ 25/20', 'female', 45, 4000, 10000),
(47, 'ออมทรัพย์', 'ดั่งใจ 25/20', 'female', 46, 4400, 10000),
(48, 'ออมทรัพย์', 'ดั่งใจ 25/20', 'female', 47, 4400, 10000),
(49, 'ออมทรัพย์', 'ดั่งใจ 25/20', 'female', 48, 4500, 10000),
(50, 'ออมทรัพย์', 'ดั่งใจ 25/20', 'female', 49, 4600, 10000),
(51, 'ออมทรัพย์', 'ดั่งใจ 25/20', 'female', 50, 4600, 10000),
(52, 'ออมทรัพย์', 'ดั่งใจ 25/20', 'female', 51, 4700, 10000),
(53, 'ออมทรัพย์', 'ดั่งใจ 25/20', 'female', 52, 4800, 10000),
(54, 'ออมทรัพย์', 'ดั่งใจ 25/20', 'female', 53, 4900, 10000),
(55, 'ออมทรัพย์', 'ดั่งใจ 25/20', 'female', 54, 4900, 10000),
(56, 'ออมทรัพย์', 'ดั่งใจ 25/20', 'female', 55, 4900, 10000),
(57, 'ออมทรัพย์', 'ดั่งใจ 25/20', 'female', 56, 5300, 10000),
(58, 'ออมทรัพย์', 'ดั่งใจ 25/20', 'female', 57, 5400, 10000),
(59, 'ออมทรัพย์', 'ดั่งใจ 25/20', 'female', 58, 5600, 10000),
(60, 'ออมทรัพย์', 'ดั่งใจ 25/20', 'female', 59, 5700, 10000),
(61, 'ออมทรัพย์', 'ดั่งใจ 25/20', 'female', 60, 5900, 10000),
(62, 'ออมทรัพย์', 'ดั่งใจ 25/20', 'female', 61, 6100, 10000),
(63, 'ออมทรัพย์', 'ดั่งใจ 25/20', 'female', 62, 6300, 10000),
(64, 'ออมทรัพย์', 'ดั่งใจ 25/20', 'female', 63, 6500, 10000),
(65, 'ออมทรัพย์', 'ดั่งใจ 25/20', 'female', 64, 6800, 10000),
(66, 'ออมทรัพย์', 'ดั่งใจ 25/20', 'female', 65, 7000, 10000),
(67, 'ออมทรัพย์', 'ดั่งใจ 25/20', 'male', 0, 3900, 10000),
(68, 'ออมทรัพย์', 'ดั่งใจ 25/20', 'male', 1, 3900, 10000),
(69, 'ออมทรัพย์', 'ดั่งใจ 25/20', 'male', 2, 3900, 10000),
(70, 'ออมทรัพย์', 'ดั่งใจ 25/20', 'male', 3, 3900, 10000),
(71, 'ออมทรัพย์', 'ดั่งใจ 25/20', 'male', 4, 3900, 10000),
(72, 'ออมทรัพย์', 'ดั่งใจ 25/20', 'male', 5, 3900, 10000),
(73, 'ออมทรัพย์', 'ดั่งใจ 25/20', 'male', 6, 3900, 10000),
(74, 'ออมทรัพย์', 'ดั่งใจ 25/20', 'male', 7, 3900, 10000),
(75, 'ออมทรัพย์', 'ดั่งใจ 25/20', 'male', 8, 4000, 10000),
(76, 'ออมทรัพย์', 'ดั่งใจ 25/20', 'male', 9, 4000, 10000),
(77, 'ออมทรัพย์', 'ดั่งใจ 25/20', 'male', 10, 4000, 10000),
(78, 'ออมทรัพย์', 'ดั่งใจ 25/20', 'male', 11, 4000, 10000),
(79, 'ออมทรัพย์', 'ดั่งใจ 25/20', 'male', 12, 4100, 10000),
(80, 'ออมทรัพย์', 'ดั่งใจ 25/20', 'male', 13, 4100, 10000),
(81, 'ออมทรัพย์', 'ดั่งใจ 25/20', 'male', 14, 4100, 10000),
(82, 'ออมทรัพย์', 'ดั่งใจ 25/20', 'male', 15, 4100, 10000),
(83, 'ออมทรัพย์', 'ดั่งใจ 25/20', 'male', 16, 4200, 10000),
(84, 'ออมทรัพย์', 'ดั่งใจ 25/20', 'male', 17, 4200, 10000),
(85, 'ออมทรัพย์', 'ดั่งใจ 25/20', 'male', 18, 4200, 10000),
(86, 'ออมทรัพย์', 'ดั่งใจ 25/20', 'male', 19, 4200, 10000),
(87, 'ออมทรัพย์', 'ดั่งใจ 25/20', 'male', 20, 4200, 10000),
(88, 'ออมทรัพย์', 'ดั่งใจ 25/20', 'male', 21, 4200, 10000),
(89, 'ออมทรัพย์', 'ดั่งใจ 25/20', 'male', 22, 4200, 10000),
(90, 'ออมทรัพย์', 'ดั่งใจ 25/20', 'male', 23, 4200, 10000),
(91, 'ออมทรัพย์', 'ดั่งใจ 25/20', 'male', 24, 4200, 10000),
(92, 'ออมทรัพย์', 'ดั่งใจ 25/20', 'male', 25, 4200, 10000),
(93, 'ออมทรัพย์', 'ดั่งใจ 25/20', 'male', 26, 4200, 10000),
(94, 'ออมทรัพย์', 'ดั่งใจ 25/20', 'male', 27, 4200, 10000),
(95, 'ออมทรัพย์', 'ดั่งใจ 25/20', 'male', 28, 4200, 10000),
(96, 'ออมทรัพย์', 'ดั่งใจ 25/20', 'male', 29, 4200, 10000),
(97, 'ออมทรัพย์', 'ดั่งใจ 25/20', 'male', 30, 4200, 10000),
(98, 'ออมทรัพย์', 'ดั่งใจ 25/20', 'male', 31, 4200, 10000),
(99, 'ออมทรัพย์', 'ดั่งใจ 25/20', 'male', 32, 4200, 10000),
(100, 'ออมทรัพย์', 'ดั่งใจ 25/20', 'male', 33, 4200, 10000),
(101, 'ออมทรัพย์', 'ดั่งใจ 25/20', 'male', 34, 4200, 10000),
(102, 'ออมทรัพย์', 'ดั่งใจ 25/20', 'male', 35, 4200, 10000),
(103, 'ออมทรัพย์', 'ดั่งใจ 25/20', 'male', 36, 4200, 10000),
(104, 'ออมทรัพย์', 'ดั่งใจ 25/20', 'male', 37, 4200, 10000),
(105, 'ออมทรัพย์', 'ดั่งใจ 25/20', 'male', 38, 4200, 10000),
(106, 'ออมทรัพย์', 'ดั่งใจ 25/20', 'male', 39, 4200, 10000),
(107, 'ออมทรัพย์', 'ดั่งใจ 25/20', 'male', 40, 4400, 10000),
(108, 'ออมทรัพย์', 'ดั่งใจ 25/20', 'male', 41, 4400, 10000),
(109, 'ออมทรัพย์', 'ดั่งใจ 25/20', 'male', 42, 4400, 10000),
(110, 'ออมทรัพย์', 'ดั่งใจ 25/20', 'male', 43, 4400, 10000),
(111, 'ออมทรัพย์', 'ดั่งใจ 25/20', 'male', 44, 4400, 10000),
(112, 'ออมทรัพย์', 'ดั่งใจ 25/20', 'male', 45, 4400, 10000),
(113, 'ออมทรัพย์', 'ดั่งใจ 25/20', 'male', 46, 4900, 10000),
(114, 'ออมทรัพย์', 'ดั่งใจ 25/20', 'male', 47, 5000, 10000),
(115, 'ออมทรัพย์', 'ดั่งใจ 25/20', 'male', 48, 5000, 10000),
(116, 'ออมทรัพย์', 'ดั่งใจ 25/20', 'male', 49, 5000, 10000),
(117, 'ออมทรัพย์', 'ดั่งใจ 25/20', 'male', 50, 5000, 10000),
(118, 'ออมทรัพย์', 'ดั่งใจ 25/20', 'male', 51, 5000, 10000),
(119, 'ออมทรัพย์', 'ดั่งใจ 25/20', 'male', 52, 5000, 10000),
(120, 'ออมทรัพย์', 'ดั่งใจ 25/20', 'male', 53, 5000, 10000),
(121, 'ออมทรัพย์', 'ดั่งใจ 25/20', 'male', 54, 5000, 10000),
(122, 'ออมทรัพย์', 'ดั่งใจ 25/20', 'male', 55, 5000, 10000),
(123, 'ออมทรัพย์', 'ดั่งใจ 25/20', 'male', 56, 5100, 10000),
(124, 'ออมทรัพย์', 'ดั่งใจ 25/20', 'male', 57, 5200, 10000),
(125, 'ออมทรัพย์', 'ดั่งใจ 25/20', 'male', 58, 5300, 10000),
(126, 'ออมทรัพย์', 'ดั่งใจ 25/20', 'male', 59, 5800, 10000),
(127, 'ออมทรัพย์', 'ดั่งใจ 25/20', 'male', 60, 6000, 10000),
(128, 'ออมทรัพย์', 'ดั่งใจ 25/20', 'male', 61, 6200, 10000),
(129, 'ออมทรัพย์', 'ดั่งใจ 25/20', 'male', 62, 6400, 10000),
(130, 'ออมทรัพย์', 'ดั่งใจ 25/20', 'male', 63, 6600, 10000),
(131, 'ออมทรัพย์', 'ดั่งใจ 25/20', 'male', 64, 6900, 10000),
(132, 'ออมทรัพย์', 'ดั่งใจ 25/20', 'male', 65, 7100, 10000),
(133, 'คุ้มครอง', 'ห่วงรัก', 'female', 0, 1412, 10002),
(134, 'คุ้มครอง', 'ห่วงรัก', 'female', 1, 1412, 10002),
(135, 'คุ้มครอง', 'ห่วงรัก', 'female', 2, 1416, 10002),
(136, 'คุ้มครอง', 'ห่วงรัก', 'female', 3, 1423, 10002),
(137, 'คุ้มครอง', 'ห่วงรัก', 'female', 4, 1433, 10002),
(138, 'คุ้มครอง', 'ห่วงรัก', 'female', 5, 1445, 10002),
(139, 'คุ้มครอง', 'ห่วงรัก', 'female', 6, 1460, 10002),
(140, 'คุ้มครอง', 'ห่วงรัก', 'female', 7, 1476, 10002),
(141, 'คุ้มครอง', 'ห่วงรัก', 'female', 8, 1493, 10002),
(142, 'คุ้มครอง', 'ห่วงรัก', 'female', 9, 1511, 10002),
(143, 'คุ้มครอง', 'ห่วงรัก', 'female', 10, 1533, 10002),
(144, 'คุ้มครอง', 'ห่วงรัก', 'female', 11, 1554, 10002),
(145, 'คุ้มครอง', 'ห่วงรัก', 'female', 12, 1576, 10002),
(146, 'คุ้มครอง', 'ห่วงรัก', 'female', 13, 1600, 10002),
(147, 'คุ้มครอง', 'ห่วงรัก', 'female', 14, 1625, 10002),
(148, 'คุ้มครอง', 'ห่วงรัก', 'female', 15, 1649, 10002),
(149, 'คุ้มครอง', 'ห่วงรัก', 'female', 16, 1677, 10002),
(150, 'คุ้มครอง', 'ห่วงรัก', 'female', 17, 1703, 10002),
(151, 'คุ้มครอง', 'ห่วงรัก', 'female', 18, 1731, 10002),
(152, 'คุ้มครอง', 'ห่วงรัก', 'female', 19, 1758, 10002),
(153, 'คุ้มครอง', 'ห่วงรัก', 'female', 20, 1797, 10002),
(154, 'คุ้มครอง', 'ห่วงรัก', 'female', 21, 1836, 10002),
(155, 'คุ้มครอง', 'ห่วงรัก', 'female', 22, 1867, 10002),
(156, 'คุ้มครอง', 'ห่วงรัก', 'female', 23, 1908, 10002),
(157, 'คุ้มครอง', 'ห่วงรัก', 'female', 24, 1951, 10002),
(158, 'คุ้มครอง', 'ห่วงรัก', 'female', 25, 1885, 10002),
(159, 'คุ้มครอง', 'ห่วงรัก', 'female', 26, 2025, 10002),
(160, 'คุ้มครอง', 'ห่วงรัก', 'female', 27, 2073, 10002),
(161, 'คุ้มครอง', 'ห่วงรัก', 'female', 28, 2113, 10002),
(162, 'คุ้มครอง', 'ห่วงรัก', 'female', 29, 2165, 10002),
(163, 'คุ้มครอง', 'ห่วงรัก', 'female', 30, 2210, 10002),
(164, 'คุ้มครอง', 'ห่วงรัก', 'female', 31, 2273, 10002),
(165, 'คุ้มครอง', 'ห่วงรัก', 'female', 32, 2322, 10002),
(166, 'คุ้มครอง', 'ห่วงรัก', 'female', 33, 2374, 10002),
(167, 'คุ้มครอง', 'ห่วงรัก', 'female', 34, 2429, 10002),
(168, 'คุ้มครอง', 'ห่วงรัก', 'female', 35, 2487, 10002),
(169, 'คุ้มครอง', 'ห่วงรัก', 'female', 36, 2547, 10002),
(170, 'คุ้มครอง', 'ห่วงรัก', 'female', 37, 2611, 10002),
(171, 'คุ้มครอง', 'ห่วงรัก', 'female', 38, 2678, 10002),
(172, 'คุ้มครอง', 'ห่วงรัก', 'female', 39, 2747, 10002),
(173, 'คุ้มครอง', 'ห่วงรัก', 'female', 40, 2820, 10002),
(174, 'คุ้มครอง', 'ห่วงรัก', 'female', 41, 2855, 10002),
(175, 'คุ้มครอง', 'ห่วงรัก', 'female', 42, 2933, 10002),
(176, 'คุ้มครอง', 'ห่วงรัก', 'female', 43, 3017, 10002),
(177, 'คุ้มครอง', 'ห่วงรัก', 'female', 44, 3105, 10002),
(178, 'คุ้มครอง', 'ห่วงรัก', 'female', 45, 3196, 10002),
(179, 'คุ้มครอง', 'ห่วงรัก', 'female', 46, 3292, 10002),
(180, 'คุ้มครอง', 'ห่วงรัก', 'female', 47, 3393, 10002),
(181, 'คุ้มครอง', 'ห่วงรัก', 'female', 48, 3501, 10002),
(182, 'คุ้มครอง', 'ห่วงรัก', 'female', 49, 3612, 10002),
(183, 'คุ้มครอง', 'ห่วงรัก', 'female', 50, 3731, 10002),
(184, 'คุ้มครอง', 'ห่วงรัก', 'female', 51, 3852, 10002),
(185, 'คุ้มครอง', 'ห่วงรัก', 'female', 52, 3982, 10002),
(186, 'คุ้มครอง', 'ห่วงรัก', 'female', 53, 4121, 10002),
(187, 'คุ้มครอง', 'ห่วงรัก', 'female', 54, 4268, 10002),
(188, 'คุ้มครอง', 'ห่วงรัก', 'female', 55, 4424, 10002),
(189, 'คุ้มครอง', 'ห่วงรัก', 'female', 56, 4577, 10002),
(190, 'คุ้มครอง', 'ห่วงรัก', 'female', 57, 4739, 10002),
(191, 'คุ้มครอง', 'ห่วงรัก', 'female', 58, 4912, 10002),
(192, 'คุ้มครอง', 'ห่วงรัก', 'female', 59, 5094, 10002),
(193, 'คุ้มครอง', 'ห่วงรัก', 'female', 60, 5288, 10002),
(194, 'คุ้มครอง', 'ห่วงรัก', 'female', 61, 5493, 10002),
(195, 'คุ้มครอง', 'ห่วงรัก', 'female', 62, 5708, 10002),
(196, 'คุ้มครอง', 'ห่วงรัก', 'female', 63, 5935, 10002),
(197, 'คุ้มครอง', 'ห่วงรัก', 'female', 64, 6174, 10002),
(198, 'คุ้มครอง', 'ห่วงรัก', 'female', 65, 6427, 10002),
(199, 'คุ้มครอง', 'ห่วงรัก', 'female', 66, 6531, 10002),
(200, 'คุ้มครอง', 'ห่วงรัก', 'female', 67, 6704, 10002),
(201, 'คุ้มครอง', 'ห่วงรัก', 'female', 68, 6989, 10002),
(202, 'คุ้มครอง', 'ห่วงรัก', 'female', 69, 7317, 10002),
(203, 'คุ้มครอง', 'ห่วงรัก', 'female', 70, 7665, 10002),
(204, 'คุ้มครอง', 'ห่วงรัก', 'male', 0, 1609, 10002),
(205, 'คุ้มครอง', 'ห่วงรัก', 'male', 1, 1609, 10002),
(206, 'คุ้มครอง', 'ห่วงรัก', 'male', 2, 1609, 10002),
(207, 'คุ้มครอง', 'ห่วงรัก', 'male', 3, 1609, 10002),
(208, 'คุ้มครอง', 'ห่วงรัก', 'male', 4, 1609, 10002),
(209, 'คุ้มครอง', 'ห่วงรัก', 'male', 5, 1609, 10002),
(210, 'คุ้มครอง', 'ห่วงรัก', 'male', 6, 1609, 10002),
(211, 'คุ้มครอง', 'ห่วงรัก', 'male', 7, 1609, 10002),
(212, 'คุ้มครอง', 'ห่วงรัก', 'male', 8, 1609, 10002),
(213, 'คุ้มครอง', 'ห่วงรัก', 'male', 9, 1609, 10002),
(214, 'คุ้มครอง', 'ห่วงรัก', 'male', 10, 1609, 10002),
(215, 'คุ้มครอง', 'ห่วงรัก', 'male', 11, 1609, 10002),
(216, 'คุ้มครอง', 'ห่วงรัก', 'male', 12, 1609, 10002),
(217, 'คุ้มครอง', 'ห่วงรัก', 'male', 13, 1609, 10002),
(218, 'คุ้มครอง', 'ห่วงรัก', 'male', 14, 1609, 10002),
(219, 'คุ้มครอง', 'ห่วงรัก', 'male', 15, 1609, 10002),
(220, 'คุ้มครอง', 'ห่วงรัก', 'male', 16, 1609, 10002),
(221, 'คุ้มครอง', 'ห่วงรัก', 'male', 17, 1609, 10002),
(222, 'คุ้มครอง', 'ห่วงรัก', 'male', 18, 1609, 10002),
(223, 'คุ้มครอง', 'ห่วงรัก', 'male', 19, 1609, 10002),
(224, 'คุ้มครอง', 'ห่วงรัก', 'male', 20, 1609, 10002),
(225, 'คุ้มครอง', 'ห่วงรัก', 'male', 21, 1609, 10002),
(226, 'คุ้มครอง', 'ห่วงรัก', 'male', 22, 1609, 10002),
(227, 'คุ้มครอง', 'ห่วงรัก', 'male', 23, 1609, 10002),
(228, 'คุ้มครอง', 'ห่วงรัก', 'male', 24, 1609, 10002),
(229, 'คุ้มครอง', 'ห่วงรัก', 'male', 25, 1609, 10002),
(230, 'คุ้มครอง', 'ห่วงรัก', 'male', 26, 1609, 10002),
(231, 'คุ้มครอง', 'ห่วงรัก', 'male', 27, 1609, 10002),
(232, 'คุ้มครอง', 'ห่วงรัก', 'male', 28, 1609, 10002),
(233, 'คุ้มครอง', 'ห่วงรัก', 'male', 29, 1609, 10002),
(234, 'คุ้มครอง', 'ห่วงรัก', 'male', 30, 1609, 10002),
(235, 'คุ้มครอง', 'ห่วงรัก', 'male', 31, 1609, 10002),
(236, 'คุ้มครอง', 'ห่วงรัก', 'male', 32, 1609, 10002),
(237, 'คุ้มครอง', 'ห่วงรัก', 'male', 33, 1609, 10002),
(238, 'คุ้มครอง', 'ห่วงรัก', 'male', 34, 1609, 10002),
(239, 'คุ้มครอง', 'ห่วงรัก', 'male', 35, 1609, 10002),
(240, 'คุ้มครอง', 'ห่วงรัก', 'male', 36, 1609, 10002),
(241, 'คุ้มครอง', 'ห่วงรัก', 'male', 37, 1609, 10002),
(242, 'คุ้มครอง', 'ห่วงรัก', 'male', 38, 1609, 10002),
(243, 'คุ้มครอง', 'ห่วงรัก', 'male', 39, 1609, 10002),
(244, 'คุ้มครอง', 'ห่วงรัก', 'male', 40, 1609, 10002),
(245, 'คุ้มครอง', 'ห่วงรัก', 'male', 41, 1609, 10002),
(246, 'คุ้มครอง', 'ห่วงรัก', 'male', 42, 1609, 10002),
(247, 'คุ้มครอง', 'ห่วงรัก', 'male', 43, 1609, 10002),
(248, 'คุ้มครอง', 'ห่วงรัก', 'male', 44, 1609, 10002),
(249, 'คุ้มครอง', 'ห่วงรัก', 'male', 45, 1609, 10002),
(250, 'คุ้มครอง', 'ห่วงรัก', 'male', 46, 1609, 10002),
(251, 'คุ้มครอง', 'ห่วงรัก', 'male', 47, 1609, 10002),
(252, 'คุ้มครอง', 'ห่วงรัก', 'male', 48, 1609, 10002),
(253, 'คุ้มครอง', 'ห่วงรัก', 'male', 49, 1609, 10002),
(254, 'คุ้มครอง', 'ห่วงรัก', 'male', 50, 1609, 10002),
(255, 'คุ้มครอง', 'ห่วงรัก', 'male', 51, 1609, 10002),
(256, 'คุ้มครอง', 'ห่วงรัก', 'male', 52, 1609, 10002),
(257, 'คุ้มครอง', 'ห่วงรัก', 'male', 53, 1609, 10002),
(258, 'คุ้มครอง', 'ห่วงรัก', 'male', 54, 1609, 10002),
(259, 'คุ้มครอง', 'ห่วงรัก', 'male', 55, 1609, 10002),
(260, 'คุ้มครอง', 'ห่วงรัก', 'male', 56, 1609, 10002),
(261, 'คุ้มครอง', 'ห่วงรัก', 'male', 57, 1609, 10002),
(262, 'คุ้มครอง', 'ห่วงรัก', 'male', 58, 1609, 10002),
(263, 'คุ้มครอง', 'ห่วงรัก', 'male', 59, 1609, 10002),
(264, 'คุ้มครอง', 'ห่วงรัก', 'male', 60, 1609, 10002),
(265, 'คุ้มครอง', 'ห่วงรัก', 'male', 61, 1609, 10002),
(266, 'คุ้มครอง', 'ห่วงรัก', 'male', 62, 1609, 10002),
(267, 'คุ้มครอง', 'ห่วงรัก', 'male', 63, 1609, 10002),
(268, 'คุ้มครอง', 'ห่วงรัก', 'male', 64, 1609, 10002),
(269, 'คุ้มครอง', 'ห่วงรัก', 'male', 65, 1609, 10002),
(270, 'คุ้มครอง', 'ห่วงรัก', 'male', 66, 1609, 10002),
(271, 'คุ้มครอง', 'ห่วงรัก', 'male', 67, 1609, 10002),
(272, 'คุ้มครอง', 'ห่วงรัก', 'male', 68, 1609, 10002),
(273, 'คุ้มครอง', 'ห่วงรัก', 'male', 69, 1609, 10002),
(274, 'คุ้มครอง', 'ห่วงรัก', 'male', 70, 1609, 10002),
(275, 'คุ้มครอง', 'ห่วงรัก', 'female', 0, 1557, 10003),
(276, 'คุ้มครอง', 'ห่วงรัก', 'female', 1, 1557, 10003),
(277, 'คุ้มครอง', 'ห่วงรัก', 'female', 2, 1565, 10003),
(278, 'คุ้มครอง', 'ห่วงรัก', 'female', 3, 1578, 10003),
(279, 'คุ้มครอง', 'ห่วงรัก', 'female', 4, 1594, 10003),
(280, 'คุ้มครอง', 'ห่วงรัก', 'female', 5, 1613, 10003),
(281, 'คุ้มครอง', 'ห่วงรัก', 'female', 6, 1633, 10003),
(282, 'คุ้มครอง', 'ห่วงรัก', 'female', 7, 1656, 10003),
(283, 'คุ้มครอง', 'ห่วงรัก', 'female', 8, 1679, 10003),
(284, 'คุ้มครอง', 'ห่วงรัก', 'female', 9, 1705, 10003),
(285, 'คุ้มครอง', 'ห่วงรัก', 'female', 10, 1732, 10003),
(286, 'คุ้มครอง', 'ห่วงรัก', 'female', 11, 1760, 10003),
(287, 'คุ้มครอง', 'ห่วงรัก', 'female', 12, 1789, 10003),
(288, 'คุ้มครอง', 'ห่วงรัก', 'female', 13, 1820, 10003),
(289, 'คุ้มครอง', 'ห่วงรัก', 'female', 14, 1851, 10003),
(290, 'คุ้มครอง', 'ห่วงรัก', 'female', 15, 1883, 10003),
(291, 'คุ้มครอง', 'ห่วงรัก', 'female', 16, 1916, 10003),
(292, 'คุ้มครอง', 'ห่วงรัก', 'female', 17, 1950, 10003),
(293, 'คุ้มครอง', 'ห่วงรัก', 'female', 18, 1984, 10003),
(294, 'คุ้มครอง', 'ห่วงรัก', 'female', 19, 2019, 10003),
(295, 'คุ้มครอง', 'ห่วงรัก', 'female', 20, 2055, 10003),
(296, 'คุ้มครอง', 'ห่วงรัก', 'female', 21, 2092, 10003),
(297, 'คุ้มครอง', 'ห่วงรัก', 'female', 22, 2130, 10003),
(298, 'คุ้มครอง', 'ห่วงรัก', 'female', 23, 2169, 10003),
(299, 'คุ้มครอง', 'ห่วงรัก', 'female', 24, 2209, 10003),
(300, 'คุ้มครอง', 'ห่วงรัก', 'female', 25, 2250, 10003),
(301, 'คุ้มครอง', 'ห่วงรัก', 'female', 26, 2293, 10003),
(302, 'คุ้มครอง', 'ห่วงรัก', 'female', 27, 2338, 10003),
(303, 'คุ้มครอง', 'ห่วงรัก', 'female', 28, 2385, 10003),
(304, 'คุ้มครอง', 'ห่วงรัก', 'female', 29, 2434, 10003),
(305, 'คุ้มครอง', 'ห่วงรัก', 'female', 30, 2484, 10003),
(306, 'คุ้มครอง', 'ห่วงรัก', 'female', 31, 2537, 10003),
(307, 'คุ้มครอง', 'ห่วงรัก', 'female', 32, 2593, 10003),
(308, 'คุ้มครอง', 'ห่วงรัก', 'female', 33, 2651, 10003),
(309, 'คุ้มครอง', 'ห่วงรัก', 'female', 34, 2684, 10003),
(310, 'คุ้มครอง', 'ห่วงรัก', 'female', 35, 2774, 10003),
(311, 'คุ้มครอง', 'ห่วงรัก', 'female', 36, 2840, 10003),
(312, 'คุ้มครอง', 'ห่วงรัก', 'female', 37, 2909, 10003),
(313, 'คุ้มครอง', 'ห่วงรัก', 'female', 38, 2981, 10003),
(314, 'คุ้มครอง', 'ห่วงรัก', 'female', 39, 3055, 10003),
(315, 'คุ้มครอง', 'ห่วงรัก', 'female', 40, 3134, 10003),
(316, 'คุ้มครอง', 'ห่วงรัก', 'female', 41, 3215, 10003),
(317, 'คุ้มครอง', 'ห่วงรัก', 'female', 42, 3300, 10003),
(318, 'คุ้มครอง', 'ห่วงรัก', 'female', 43, 3389, 10003),
(319, 'คุ้มครอง', 'ห่วงรัก', 'female', 44, 3482, 10003),
(320, 'คุ้มครอง', 'ห่วงรัก', 'female', 45, 3580, 10003),
(321, 'คุ้มครอง', 'ห่วงรัก', 'female', 46, 3682, 10003),
(322, 'คุ้มครอง', 'ห่วงรัก', 'female', 47, 3970, 10003),
(323, 'คุ้มครอง', 'ห่วงรัก', 'female', 48, 3825, 10003),
(324, 'คุ้มครอง', 'ห่วงรัก', 'female', 49, 3942, 10003),
(325, 'คุ้มครอง', 'ห่วงรัก', 'female', 50, 4063, 10003),
(326, 'คุ้มครอง', 'ห่วงรัก', 'female', 51, 4150, 10003),
(327, 'คุ้มครอง', 'ห่วงรัก', 'female', 52, 4284, 10003),
(328, 'คุ้มครอง', 'ห่วงรัก', 'female', 53, 4335, 10003),
(329, 'คุ้มครอง', 'ห่วงรัก', 'female', 54, 4435, 10003),
(330, 'คุ้มครอง', 'ห่วงรัก', 'female', 55, 4589, 10003),
(331, 'คุ้มครอง', 'ห่วงรัก', 'female', 56, 4703, 10003),
(332, 'คุ้มครอง', 'ห่วงรัก', 'female', 57, 4876, 10003),
(333, 'คุ้มครอง', 'ห่วงรัก', 'female', 58, 5060, 10003),
(334, 'คุ้มครอง', 'ห่วงรัก', 'female', 59, 5255, 10003),
(335, 'คุ้มครอง', 'ห่วงรัก', 'female', 60, 5463, 10003),
(336, 'คุ้มครอง', 'ห่วงรัก', 'female', 61, 5684, 10003),
(337, 'คุ้มครอง', 'ห่วงรัก', 'female', 62, 5918, 10003),
(338, 'คุ้มครอง', 'ห่วงรัก', 'female', 63, 6166, 10003),
(339, 'คุ้มครอง', 'ห่วงรัก', 'female', 64, 6429, 10003),
(340, 'คุ้มครอง', 'ห่วงรัก', 'female', 65, 6708, 10003),
(342, 'คุ้มครอง', 'ห่วงรัก', 'male', 0, 1881, 10003),
(343, 'คุ้มครอง', 'ห่วงรัก', 'male', 1, 1881, 10003),
(344, 'คุ้มครอง', 'ห่วงรัก', 'male', 2, 1898, 10003),
(345, 'คุ้มครอง', 'ห่วงรัก', 'male', 3, 1923, 10003),
(346, 'คุ้มครอง', 'ห่วงรัก', 'male', 4, 1953, 10003),
(347, 'คุ้มครอง', 'ห่วงรัก', 'male', 5, 1987, 10003),
(348, 'คุ้มครอง', 'ห่วงรัก', 'male', 6, 2025, 10003),
(349, 'คุ้มครอง', 'ห่วงรัก', 'male', 7, 2065, 10003),
(350, 'คุ้มครอง', 'ห่วงรัก', 'male', 8, 2109, 10003),
(351, 'คุ้มครอง', 'ห่วงรัก', 'male', 9, 2155, 10003),
(352, 'คุ้มครอง', 'ห่วงรัก', 'male', 10, 2204, 10003),
(353, 'คุ้มครอง', 'ห่วงรัก', 'male', 11, 2256, 10003),
(354, 'คุ้มครอง', 'ห่วงรัก', 'male', 12, 2309, 10003),
(355, 'คุ้มครอง', 'ห่วงรัก', 'male', 13, 2363, 10003),
(356, 'คุ้มครอง', 'ห่วงรัก', 'male', 14, 2417, 10003),
(357, 'คุ้มครอง', 'ห่วงรัก', 'male', 15, 2421, 10003),
(358, 'คุ้มครอง', 'ห่วงรัก', 'male', 16, 2471, 10003),
(359, 'คุ้มครอง', 'ห่วงรัก', 'male', 17, 2519, 10003),
(360, 'คุ้มครอง', 'ห่วงรัก', 'male', 18, 2563, 10003),
(361, 'คุ้มครอง', 'ห่วงรัก', 'male', 19, 2604, 10003),
(362, 'คุ้มครอง', 'ห่วงรัก', 'male', 20, 2615, 10003),
(363, 'คุ้มครอง', 'ห่วงรัก', 'male', 21, 2652, 10003),
(364, 'คุ้มครอง', 'ห่วงรัก', 'male', 22, 2688, 10003),
(365, 'คุ้มครอง', 'ห่วงรัก', 'male', 23, 2723, 10003),
(366, 'คุ้มครอง', 'ห่วงรัก', 'male', 24, 2759, 10003),
(367, 'คุ้มครอง', 'ห่วงรัก', 'male', 25, 2797, 10003),
(368, 'คุ้มครอง', 'ห่วงรัก', 'male', 26, 2834, 10003),
(369, 'คุ้มครอง', 'ห่วงรัก', 'male', 27, 2875, 10003),
(370, 'คุ้มครอง', 'ห่วงรัก', 'male', 28, 2917, 10003),
(371, 'คุ้มครอง', 'ห่วงรัก', 'male', 29, 2962, 10003),
(372, 'คุ้มครอง', 'ห่วงรัก', 'male', 30, 3009, 10003),
(373, 'คุ้มครอง', 'ห่วงรัก', 'male', 31, 3059, 10003),
(374, 'คุ้มครอง', 'ห่วงรัก', 'male', 32, 3112, 10003),
(375, 'คุ้มครอง', 'ห่วงรัก', 'male', 33, 3168, 10003),
(376, 'คุ้มครอง', 'ห่วงรัก', 'male', 34, 3211, 10003),
(377, 'คุ้มครอง', 'ห่วงรัก', 'male', 35, 3290, 10003),
(378, 'คุ้มครอง', 'ห่วงรัก', 'male', 36, 3357, 10003),
(379, 'คุ้มครอง', 'ห่วงรัก', 'male', 37, 3428, 10003),
(380, 'คุ้มครอง', 'ห่วงรัก', 'male', 38, 3504, 10003),
(381, 'คุ้มครอง', 'ห่วงรัก', 'male', 39, 3584, 10003),
(382, 'คุ้มครอง', 'ห่วงรัก', 'male', 40, 3632, 10003),
(383, 'คุ้มครอง', 'ห่วงรัก', 'male', 41, 3721, 10003),
(384, 'คุ้มครอง', 'ห่วงรัก', 'male', 42, 3815, 10003),
(385, 'คุ้มครอง', 'ห่วงรัก', 'male', 43, 3915, 10003),
(386, 'คุ้มครอง', 'ห่วงรัก', 'male', 44, 3979, 10003),
(387, 'คุ้มครอง', 'ห่วงรัก', 'male', 45, 4088, 10003),
(388, 'คุ้มครอง', 'ห่วงรัก', 'male', 46, 4159, 10003),
(389, 'คุ้มครอง', 'ห่วงรัก', 'male', 47, 4232, 10003),
(390, 'คุ้มครอง', 'ห่วงรัก', 'male', 48, 4357, 10003),
(391, 'คุ้มครอง', 'ห่วงรัก', 'male', 49, 4487, 10003),
(392, 'คุ้มครอง', 'ห่วงรัก', 'male', 50, 4575, 10003),
(393, 'คุ้มครอง', 'ห่วงรัก', 'male', 51, 4720, 10003),
(394, 'คุ้มครอง', 'ห่วงรัก', 'male', 52, 4873, 10003),
(395, 'คุ้มครอง', 'ห่วงรัก', 'male', 53, 5036, 10003),
(396, 'คุ้มครอง', 'ห่วงรัก', 'male', 54, 5210, 10003),
(397, 'คุ้มครอง', 'ห่วงรัก', 'male', 55, 5398, 10003),
(398, 'คุ้มครอง', 'ห่วงรัก', 'male', 56, 5598, 10003),
(399, 'คุ้มครอง', 'ห่วงรัก', 'male', 57, 5813, 10003),
(400, 'คุ้มครอง', 'ห่วงรัก', 'male', 58, 6043, 10003),
(401, 'คุ้มครอง', 'ห่วงรัก', 'male', 59, 6291, 10003),
(402, 'คุ้มครอง', 'ห่วงรัก', 'male', 60, 6697, 10003),
(403, 'คุ้มครอง', 'ห่วงรัก', 'male', 61, 6983, 10003),
(404, 'คุ้มครอง', 'ห่วงรัก', 'male', 62, 7288, 10003),
(405, 'คุ้มครอง', 'ห่วงรัก', 'male', 63, 7611, 10003),
(406, 'คุ้มครอง', 'ห่วงรัก', 'male', 64, 7952, 10003),
(407, 'คุ้มครอง', 'ห่วงรัก', 'male', 65, 8314, 10003);

-- --------------------------------------------------------

--
-- Table structure for table `bla_report`
--

CREATE TABLE IF NOT EXISTS `bla_report` (
  `ReportID` int(10) NOT NULL,
  `CustomerID` varchar(10) COLLATE utf8_bin NOT NULL,
  `NameCustomer` text COLLATE utf8_bin NOT NULL,
  `InsuranceID` int(10) NOT NULL,
  `NameInsurance` text COLLATE utf8_bin NOT NULL,
  `Amount` int(10) NOT NULL,
  `AmountTotal` int(10) NOT NULL,
  `Capital` int(10) NOT NULL,
  `Year` int(10) NOT NULL,
  `DividendTotal` int(10) NOT NULL,
  `Payment` int(10) NOT NULL,
  `CompensationTotal` int(10) NOT NULL,
  `UserID` int(10) NOT NULL,
  `NameUser` text COLLATE utf8_bin NOT NULL,
  PRIMARY KEY (`ReportID`)
) ENGINE=MyISAM DEFAULT CHARSET=utf8 COLLATE=utf8_bin;

-- --------------------------------------------------------

--
-- Table structure for table `bla_users`
--

CREATE TABLE IF NOT EXISTS `bla_users` (
  `id` int(11) NOT NULL AUTO_INCREMENT,
  `f_name` varchar(100) CHARACTER SET utf8 NOT NULL,
  `l_name` varchar(100) CHARACTER SET utf8 NOT NULL,
  `username` varchar(100) CHARACTER SET utf8 NOT NULL,
  `password` varchar(50) CHARACTER SET utf8 NOT NULL,
  PRIMARY KEY (`id`)
) ENGINE=MyISAM  DEFAULT CHARSET=utf8 COLLATE=utf8_bin COMMENT='ข้อมูลตัวแทน' AUTO_INCREMENT=3 ;

--
-- Dumping data for table `bla_users`
--

INSERT INTO `bla_users` (`id`, `f_name`, `l_name`, `username`, `password`) VALUES
(1, 'Admin', 'admin', 'admin', '1234'),
(2, '', '', 'aaaa', 'aaaa');

/*!40101 SET CHARACTER_SET_CLIENT=@OLD_CHARACTER_SET_CLIENT */;
/*!40101 SET CHARACTER_SET_RESULTS=@OLD_CHARACTER_SET_RESULTS */;
/*!40101 SET COLLATION_CONNECTION=@OLD_COLLATION_CONNECTION */;
